{"_wandb": {"runtime": 0}, "global_step": 1, "_timestamp": 1721641903.451203, "_runtime": 1.263930082321167, "_step": 1, "test_loss": 198.0}