{"_wandb": {"runtime": 0}, "global_step": 99, "_timestamp": 1721641960.281208, "test_loss": 198.0, "_runtime": 1.139613151550293, "_step": 99}